{
    "Ordinary Kriging": {
        "MAE": 0.6176065908069827,
        "RMSE": 0.9683824897887232,
        "R2": 0.7786250711026322,
        "Morans_I": 0.04716395701156679
    },
    "Universal Kriging": {
        "MAE": 0.636558610977715,
        "RMSE": 1.0432983061682126,
        "R2": 0.7430482479197935,
        "Morans_I": 0.048544702839086434
    },
    "MLP Network": {
        "MAE": 0.9285780890805829,
        "RMSE": 1.355035180847164,
        "R2": 0.5665532801710611,
        "Morans_I": 0.07946545235048168
    },
    "UKS-DGL": {
        "MAE": 0.613627547649662,
        "RMSE": 0.8398531753166043,
        "R2": 0.8334896184989521,
        "Morans_I": 0.036813470012722296
    }
}