{
    "lr": 0.0018189385384706645,
    "lambda_flow": 0.0006246357851257902,
    "lambda_geo": 4.7668443679442034e-05,
    "nugget_eps": 8.61326326516279e-06,
    "flow_hidden": 32,
    "num_flow_layers": 4
}