{
    "lr": 0.0020842459132540073,
    "lambda_flow": 0.003232037279837365,
    "lambda_geo": 3.2529315406618557e-06,
    "nugget_eps": 0.0007343556321476179,
    "flow_hidden": 64,
    "num_flow_layers": 2,
    "rff_sigma": 9.375066786966311,
    "latent_dim": 8,
    "embed_dim": 16
}