{
    "Ordinary Kriging": {
        "MAE": 166.97285607801902,
        "RMSE": 225.67697736591316,
        "R2": 0.6391005563961982,
        "MoranI": 0.03676850098615192
    },
    "Universal Kriging": {
        "MAE": 164.24353641164862,
        "RMSE": 222.9638435460899,
        "R2": 0.6477260051906222,
        "MoranI": 0.039450004555663616
    },
    "CoKriging": {
        "MAE": 162.80753524226796,
        "RMSE": 225.60206771204696,
        "R2": 0.6393401055592141,
        "MoranI": 0.03380918391576351
    },
    "MLP Network": {
        "MAE": 212.38722934669698,
        "RMSE": 271.0836183349664,
        "R2": 0.4792632271078684,
        "MoranI": 0.08075439917402893
    },
    "DKNN": {
        "MAE": 195.40169178340565,
        "RMSE": 264.2478131689138,
        "R2": 0.5051945169243263,
        "MoranI": 0.0467225527299975
    },
    "DeepKriging": {
        "MAE": 105.63184380402055,
        "RMSE": 159.16073179202053,
        "R2": 0.8204921049682015,
        "MoranI": 0.056181962810910875
    },
    "UKS-DGL (Ours)": {
        "MAE": 157.393523607527,
        "RMSE": 235.45915254807878,
        "R2": 0.6071354402966973,
        "MoranI": -0.022836392004050726
    }
}