{
    "Ordinary Kriging": {
        "MAE": 166.97285607801902,
        "RMSE": 225.67697736591316,
        "R2": 0.6391005563961982,
        "MoranI": 0.03676850098615192
    },
    "Universal Kriging": {
        "MAE": 164.24353641164862,
        "RMSE": 222.9638435460899,
        "R2": 0.6477260051906222,
        "MoranI": 0.039450004555663616
    },
    "CoKriging": {
        "MAE": 162.80753524226796,
        "RMSE": 225.60206771204696,
        "R2": 0.6393401055592141,
        "MoranI": 0.03380918391576351
    },
    "MLP Network": {
        "MAE": 218.39239881455563,
        "RMSE": 302.342995165422,
        "R2": 0.3522438844478568,
        "MoranI": 0.06109993600582337
    },
    "DKNN": {
        "MAE": 179.9823989522827,
        "RMSE": 233.46930525712673,
        "R2": 0.6137475193508152,
        "MoranI": 0.0361997292729812
    },
    "DeepKriging": {
        "MAE": 142.82100733438395,
        "RMSE": 208.2587762681384,
        "R2": 0.6926605399250663,
        "MoranI": 0.006677300374532065
    },
    "UKS-DGL (Ours)": {
        "MAE": 137.2556342301403,
        "RMSE": 185.7469477687077,
        "R2": 0.7555133938812941,
        "MoranI": -0.06586114220865306
    }
}