{
    "Ordinary Kriging": {
        "MAE": 0.5085625213157016,
        "RMSE": 0.6425258718774746,
        "R2": 0.5966312882309075,
        "Morans_I": 0.12071619492402641
    },
    "Universal Kriging": {
        "MAE": 0.4729422731845482,
        "RMSE": 0.6068612030652686,
        "R2": 0.6401680549862452,
        "Morans_I": 0.10248046078621904
    },
    "CoKriging": {
        "MAE": 0.5121053485961947,
        "RMSE": 0.6460293368731963,
        "R2": 0.592220443375558,
        "Morans_I": 0.1220041652940824
    },
    "MLP Network": {
        "MAE": 0.546225609587318,
        "RMSE": 0.6898813764031522,
        "R2": 0.5349819493797233,
        "Morans_I": 0.08779956257740405
    },
    "DKNN": {
        "MAE": 0.49046189943923235,
        "RMSE": 0.6176870884712784,
        "R2": 0.6272153548533492,
        "Morans_I": 0.07336634393502862
    },
    "DeepKriging": {
        "MAE": 0.4487286966797724,
        "RMSE": 0.6188978701221326,
        "R2": 0.6257524679253574,
        "Morans_I": 0.06554222206866232
    },
    "UKS-DGL": {
        "MAE": 0.469501002146399,
        "RMSE": 0.5987986656799471,
        "R2": 0.6496657346064771,
        "Morans_I": 0.07735867935111755
    }
}