{
    "Ordinary Kriging": {
        "MAE": 1.043784542513414,
        "RMSE": 1.2522836020921244,
        "R2": 0.3003396153850967,
        "Morans_I": 0.08965966226278442
    },
    "Universal Kriging": {
        "MAE": 1.0249820884371252,
        "RMSE": 1.230521255246468,
        "R2": 0.32444589618008024,
        "Morans_I": 0.09761476940193879
    },
    "CoKriging": {
        "MAE": 1.0430876950515513,
        "RMSE": 1.2512174945524446,
        "R2": 0.301530393098037,
        "Morans_I": 0.09020808795028824
    },
    "MLP Network": {
        "MAE": 1.0419585632286252,
        "RMSE": 1.2382747650336008,
        "R2": 0.3159057472379131,
        "Morans_I": 0.07599099459725127
    },
    "DKNN": {
        "MAE": 1.1913473862929371,
        "RMSE": 1.4539283664490659,
        "R2": 0.0568779113003155,
        "Morans_I": 0.12313255833152796
    },
    "DeepKriging": {
        "MAE": 1.0132688997951063,
        "RMSE": 1.2151334719602036,
        "R2": 0.34123598920586373,
        "Morans_I": 0.07222859604348375
    },
    "UKS-DGL": {
        "MAE": 0.9827016728915139,
        "RMSE": 1.184877099192213,
        "R2": 0.37363352017546936,
        "Morans_I": 0.0838348887945506
    }
}