{
    "lr": 0.0002455577740418035,
    "lambda_flow": 0.002705916242112655,
    "lambda_geo": 2.654593876423021e-05,
    "nugget_eps": 3.980227313872176e-06,
    "flow_hidden": 32,
    "num_flow_layers": 2
}