{
    "Ordinary Kriging": {
        "MAE": 1.1086206641971486,
        "RMSE": 1.6887359862095945,
        "R2": 0.7932667799278427,
        "MoranI": 0.04189059122850341
    },
    "Universal Kriging": {
        "MAE": 1.1362520409448265,
        "RMSE": 1.6951158135907123,
        "R2": 0.7917018063284983,
        "MoranI": 0.08585377563498658
    },
    "MLP Network": {
        "MAE": 1.2793324862587068,
        "RMSE": 1.78758185616003,
        "R2": 0.7683572943610016,
        "MoranI": 0.2529285710702055
    },
    "DKNN": {
        "MAE": 1.4552016882125074,
        "RMSE": 2.0536681343067937,
        "R2": 0.6942635053785918,
        "MoranI": 0.08448331882847748
    },
    "DeepKriging": {
        "MAE": 1.7143958034594147,
        "RMSE": 2.826176138902156,
        "R2": 0.4209911474201412,
        "MoranI": 0.1926662285098953
    },
    "UKS-DGL (Ours)": {
        "MAE": 0.9460095714943902,
        "RMSE": 1.2301381557835236,
        "R2": 0.8903030552465079,
        "MoranI": 0.10868906862077832
    }
}