{
    "Ordinary Kriging": {
        "MAE": 1.0650910138287886,
        "RMSE": 2.0412756900384994,
        "R2": 0.9110402867635938,
        "Morans_I": 0.02065058552090517
    },
    "Universal Kriging": {
        "MAE": 1.0575650681231046,
        "RMSE": 2.0630510131440762,
        "R2": 0.909132206768288,
        "Morans_I": 0.019598953944253608
    },
    "MLP Network": {
        "MAE": 2.5126907573767654,
        "RMSE": 4.395418083538589,
        "R2": 0.5875318407718334,
        "Morans_I": 0.09302051947077537
    },
    "UKS-DGL": {
        "MAE": 1.5240097946732114,
        "RMSE": 3.5585967446163878,
        "R2": 0.7296367853974164,
        "Morans_I": 0.05017819231380968
    }
}