{
    "Ordinary Kriging": {
        "MAE": 0.9394396120457018,
        "RMSE": 1.5987450874392037,
        "R2": 0.35012750151986927,
        "Morans_I": 0.07438470867714608
    },
    "Universal Kriging": {
        "MAE": 0.8591193554409998,
        "RMSE": 1.5192891250642784,
        "R2": 0.4131182952924233,
        "Morans_I": 0.040373998201683546
    },
    "CoKriging": {
        "MAE": 0.946455033051637,
        "RMSE": 1.6076996821479812,
        "R2": 0.3428272233203554,
        "Morans_I": 0.07660793692563737
    },
    "MLP Network": {
        "MAE": 0.9304865342393436,
        "RMSE": 1.5647031905521602,
        "R2": 0.37750817982823437,
        "Morans_I": 0.014588081373418273
    },
    "DKNN": {
        "MAE": 1.113319916534009,
        "RMSE": 1.810546002737353,
        "R2": 0.16653217207857274,
        "Morans_I": 0.06515954767408874
    },
    "DeepKriging": {
        "MAE": 0.7440621289299448,
        "RMSE": 3.6898891270327554,
        "R2": -2.4617551444133583,
        "Morans_I": -0.00705995996335184
    },
    "UKS-DGL": {
        "MAE": 0.490299754977613,
        "RMSE": 0.6404380126350216,
        "R2": 0.4614186627118647,
        "Morans_I": 0.04962709697716442
    }
}