{
    "Ordinary Kriging": {
        "MAE": 0.43704533491783876,
        "RMSE": 0.6076105640082514,
        "R2": 0.6763092631567535,
        "Morans_I": 0.04892423696305055
    },
    "Universal Kriging": {
        "MAE": 0.44260100643075667,
        "RMSE": 0.6126025838858813,
        "R2": 0.6709686435535533,
        "Morans_I": 0.04242859931197568
    },
    "CoKriging": {
        "MAE": 0.43932946897516795,
        "RMSE": 0.6097739334438631,
        "R2": 0.6740001878552824,
        "Morans_I": 0.052420210412279275
    },
    "MLP Network": {
        "MAE": 0.576432816360904,
        "RMSE": 0.8267080350610461,
        "R2": 0.400783233495829,
        "Morans_I": 0.11569396679010754
    },
    "DKNN": {
        "MAE": 0.6358031556123559,
        "RMSE": 0.9160431045141173,
        "R2": 0.26428186856310154,
        "Morans_I": 0.09404222997456878
    },
    "DeepKriging": {
        "MAE": 0.5071452622848706,
        "RMSE": 0.6962369020676407,
        "R2": 0.5749953169104772,
        "Morans_I": 0.05848760745432859
    },
    "UKS-DGL": {
        "MAE": 0.44468722338872413,
        "RMSE": 0.6117736214252331,
        "R2": 0.6718585193287353,
        "Morans_I": 0.053124447820236696
    }
}