{
    "Ordinary Kriging": {
        "MAE": 0.2973602165869595,
        "RMSE": 0.3871785199142282,
        "R2": 0.8148514379799469,
        "Morans_I": 0.1959643847633755
    },
    "Universal Kriging": {
        "MAE": 0.2270082587349695,
        "RMSE": 0.28576376742858567,
        "R2": 0.8991415804409945,
        "Morans_I": 0.08547490208677551
    },
    "CoKriging": {
        "MAE": 0.31102585958952916,
        "RMSE": 0.4043789321569257,
        "R2": 0.7980355761414376,
        "Morans_I": 0.21074111094391645
    },
    "MLP Network": {
        "MAE": 0.29360957563350315,
        "RMSE": 0.3686241633032086,
        "R2": 0.8321716084277743,
        "Morans_I": 0.08978438415239136
    },
    "DKNN": {
        "MAE": 0.2730262026640085,
        "RMSE": 0.3496073553674125,
        "R2": 0.8490410191710096,
        "Morans_I": 0.09906214697019469
    },
    "DeepKriging": {
        "MAE": 0.2694397397184178,
        "RMSE": 0.34509965024083206,
        "R2": 0.8529087390265989,
        "Morans_I": 0.10717637263277693
    },
    "UKS-DGL": {
        "MAE": 0.2632530745594255,
        "RMSE": 0.3351812488605442,
        "R2": 0.8612422457334687,
        "Morans_I": 0.06920207352515492
    }
}