{
    "Ordinary Kriging": {
        "MAE": 0.373472826243709,
        "RMSE": 0.6145912813004215,
        "R2": 0.64504122741321,
        "Morans_I": 0.1148237064293533
    },
    "Universal Kriging": {
        "MAE": 0.3425347897308998,
        "RMSE": 0.49543593049143014,
        "R2": 0.7693358382869229,
        "Morans_I": 0.07627951004336941
    },
    "CoKriging": {
        "MAE": 0.37968744536666893,
        "RMSE": 0.6233112860071313,
        "R2": 0.6348972492190053,
        "Morans_I": 0.11700997572670727
    },
    "MLP Network": {
        "MAE": 0.3359168083216472,
        "RMSE": 0.4981568481970333,
        "R2": 0.7667952812053752,
        "Morans_I": 0.08366075164795836
    },
    "DKNN": {
        "MAE": 0.3765222945110252,
        "RMSE": 0.5381100892071363,
        "R2": 0.7278881883845353,
        "Morans_I": 0.05681616091606023
    },
    "DeepKriging": {
        "MAE": 0.3715176024859797,
        "RMSE": 1.2892381893002836,
        "R2": -0.5619655356209221,
        "Morans_I": 0.04175925124817019
    },
    "UKS-DGL": {
        "MAE": 0.3165520899664797,
        "RMSE": 0.44548297906059403,
        "R2": 0.8135049305359532,
        "Morans_I": 0.0453849282729944
    }
}