{
    "Tuning_History": [],
    "A": {
        "Ordinary Kriging": {
            "MAE": 0.5085625213157016,
            "RMSE": 0.6425258718774746,
            "R2": 0.5966312882309075,
            "Morans_I": 0.12071619492402641
        },
        "Universal Kriging": {
            "MAE": 0.4729422731845482,
            "RMSE": 0.6068612030652686,
            "R2": 0.6401680549862452,
            "Morans_I": 0.10248046078621904
        },
        "CoKriging": {
            "MAE": 0.5121053485961947,
            "RMSE": 0.6460293368731963,
            "R2": 0.592220443375558,
            "Morans_I": 0.1220041652940824
        },
        "MLP Network": {
            "MAE": 0.546225609587318,
            "RMSE": 0.6898813764031522,
            "R2": 0.5349819493797233,
            "Morans_I": 0.08779956257740405
        },
        "DKNN": {
            "MAE": 0.49046189943923235,
            "RMSE": 0.6176870884712784,
            "R2": 0.6272153548533492,
            "Morans_I": 0.07336634393502862
        },
        "DeepKriging": {
            "MAE": 0.4487286966797724,
            "RMSE": 0.6188978701221326,
            "R2": 0.6257524679253574,
            "Morans_I": 0.06554222206866232
        },
        "UKS-DGL": {
            "MAE": 0.469501002146399,
            "RMSE": 0.5987986656799471,
            "R2": 0.6496657346064771,
            "Morans_I": 0.07735867935111755
        }
    },
    "B": {
        "Ordinary Kriging": {
            "MAE": 0.6283989018754293,
            "RMSE": 0.8157996760688228,
            "R2": 0.2722859852437107,
            "Morans_I": 0.1583943702031901
        },
        "Universal Kriging": {
            "MAE": 0.6063905375423777,
            "RMSE": 0.7857883001041239,
            "R2": 0.32484296366138754,
            "Morans_I": 0.14526915350745676
        },
        "CoKriging": {
            "MAE": 0.6296078874909129,
            "RMSE": 0.8169887805799317,
            "R2": 0.2701630163544043,
            "Morans_I": 0.15973047801510215
        },
        "MLP Network": {
            "MAE": 0.7229609664396254,
            "RMSE": 0.9024498620274881,
            "R2": 0.10948785346397794,
            "Morans_I": 0.13390896453199147
        },
        "DKNN": {
            "MAE": 1.0374477236736024,
            "RMSE": 1.4632134674718975,
            "R2": -1.3410412238329945,
            "Morans_I": 0.1390643415399069
        },
        "DeepKriging": {
            "MAE": 0.6386843433254257,
            "RMSE": 1.2132639143599329,
            "R2": -0.6095491509427384,
            "Morans_I": 0.035994600573158925
        },
        "UKS-DGL": {
            "MAE": 0.6241186147401253,
            "RMSE": 0.7750015633505948,
            "R2": 0.3432518788869441,
            "Morans_I": 0.133607971667507
        }
    },
    "C": {
        "Ordinary Kriging": {
            "MAE": 1.043784542513414,
            "RMSE": 1.2522836020921244,
            "R2": 0.3003396153850967,
            "Morans_I": 0.08965966226278442
        },
        "Universal Kriging": {
            "MAE": 1.0249820884371252,
            "RMSE": 1.230521255246468,
            "R2": 0.32444589618008024,
            "Morans_I": 0.09761476940193879
        },
        "CoKriging": {
            "MAE": 1.0430876950515513,
            "RMSE": 1.2512174945524446,
            "R2": 0.301530393098037,
            "Morans_I": 0.09020808795028824
        },
        "MLP Network": {
            "MAE": 1.0419585632286252,
            "RMSE": 1.2382747650336008,
            "R2": 0.3159057472379131,
            "Morans_I": 0.07599099459725127
        },
        "DKNN": {
            "MAE": 1.1913473862929371,
            "RMSE": 1.4539283664490659,
            "R2": 0.0568779113003155,
            "Morans_I": 0.12313255833152796
        },
        "DeepKriging": {
            "MAE": 1.0132688997951063,
            "RMSE": 1.2151334719602036,
            "R2": 0.34123598920586373,
            "Morans_I": 0.07222859604348375
        },
        "UKS-DGL": {
            "MAE": 0.9827016728915139,
            "RMSE": 1.184877099192213,
            "R2": 0.37363352017546936,
            "Morans_I": 0.0838348887945506
        }
    },
    "D": {
        "Ordinary Kriging": {
            "MAE": 1.4927696473738714,
            "RMSE": 2.0133538441450476,
            "R2": 0.5065373179479757,
            "Morans_I": 0.12834452081113537
        },
        "Universal Kriging": {
            "MAE": 1.4447972505751354,
            "RMSE": 1.9645711392351806,
            "R2": 0.5301604003400475,
            "Morans_I": 0.13261107412990666
        },
        "CoKriging": {
            "MAE": 1.5004619533711894,
            "RMSE": 2.024231387275812,
            "R2": 0.5011908543336747,
            "Morans_I": 0.12885705542596318
        },
        "MLP Network": {
            "MAE": 1.5315932485960053,
            "RMSE": 2.0177338041842,
            "R2": 0.5043879711845867,
            "Morans_I": 0.0973662681857843
        },
        "DKNN": {
            "MAE": 1.5243618064925455,
            "RMSE": 2.035519665553065,
            "R2": 0.4956120489859246,
            "Morans_I": 0.09172041335775515
        },
        "DeepKriging": {
            "MAE": 1.810082311082036,
            "RMSE": 3.8205283449786114,
            "R2": -0.7768916667241408,
            "Morans_I": 0.041172536828172096
        },
        "UKS-DGL": {
            "MAE": 1.3752196016449114,
            "RMSE": 1.9115219858052834,
            "R2": 0.5551918936240539,
            "Morans_I": 0.08810361001243389
        }
    },
    "E": {
        "Ordinary Kriging": {
            "MAE": 0.2973602165869595,
            "RMSE": 0.3871785199142282,
            "R2": 0.8148514379799469,
            "Morans_I": 0.1959643847633755
        },
        "Universal Kriging": {
            "MAE": 0.2270082587349695,
            "RMSE": 0.28576376742858567,
            "R2": 0.8991415804409945,
            "Morans_I": 0.08547490208677551
        },
        "CoKriging": {
            "MAE": 0.31102585958952916,
            "RMSE": 0.4043789321569257,
            "R2": 0.7980355761414376,
            "Morans_I": 0.21074111094391645
        },
        "MLP Network": {
            "MAE": 0.29360957563350315,
            "RMSE": 0.3686241633032086,
            "R2": 0.8321716084277743,
            "Morans_I": 0.08978438415239136
        },
        "DKNN": {
            "MAE": 0.2730262026640085,
            "RMSE": 0.3496073553674125,
            "R2": 0.8490410191710096,
            "Morans_I": 0.09906214697019469
        },
        "DeepKriging": {
            "MAE": 0.2694397397184178,
            "RMSE": 0.34509965024083206,
            "R2": 0.8529087390265989,
            "Morans_I": 0.10717637263277693
        },
        "UKS-DGL": {
            "MAE": 0.2632530745594255,
            "RMSE": 0.3351812488605442,
            "R2": 0.8612422457334687,
            "Morans_I": 0.06920207352515492
        }
    },
    "F": {
        "Ordinary Kriging": {
            "MAE": 0.43704533491783876,
            "RMSE": 0.6076105640082514,
            "R2": 0.6763092631567535,
            "Morans_I": 0.04892423696305055
        },
        "Universal Kriging": {
            "MAE": 0.44260100643075667,
            "RMSE": 0.6126025838858813,
            "R2": 0.6709686435535533,
            "Morans_I": 0.04242859931197568
        },
        "CoKriging": {
            "MAE": 0.43932946897516795,
            "RMSE": 0.6097739334438631,
            "R2": 0.6740001878552824,
            "Morans_I": 0.052420210412279275
        },
        "MLP Network": {
            "MAE": 0.576432816360904,
            "RMSE": 0.8267080350610461,
            "R2": 0.400783233495829,
            "Morans_I": 0.11569396679010754
        },
        "DKNN": {
            "MAE": 0.6358031556123559,
            "RMSE": 0.9160431045141173,
            "R2": 0.26428186856310154,
            "Morans_I": 0.09404222997456878
        },