{
    "Ordinary Kriging": {
        "MAE": 0.3472796083715158,
        "RMSE": 0.4498275442733723,
        "R2": 0.5271247821362047,
        "Morans_I": 0.039362203273830595
    },
    "Universal Kriging": {
        "MAE": 0.3474106903616761,
        "RMSE": 0.45145944322966086,
        "R2": 0.5236875344376416,
        "Morans_I": 0.03859702968231678
    },
    "MLP Network": {
        "MAE": 0.43383645131840515,
        "RMSE": 0.5293649991894768,
        "R2": 0.3451152002379968,
        "Morans_I": 0.08996911162287628
    },
    "UKS-DGL": {
        "MAE": 0.3974146084198063,
        "RMSE": 0.4769182618393296,
        "R2": 0.46845214587957773,
        "Morans_I": 0.07750708848316552
    }
}