{
    "Ordinary Kriging": {
        "MAE": 1.4927696473738714,
        "RMSE": 2.0133538441450476,
        "R2": 0.5065373179479757,
        "Morans_I": 0.12834452081113537
    },
    "Universal Kriging": {
        "MAE": 1.4447972505751354,
        "RMSE": 1.9645711392351806,
        "R2": 0.5301604003400475,
        "Morans_I": 0.13261107412990666
    },
    "CoKriging": {
        "MAE": 1.5004619533711894,
        "RMSE": 2.024231387275812,
        "R2": 0.5011908543336747,
        "Morans_I": 0.12885705542596318
    },
    "MLP Network": {
        "MAE": 1.5315932485960053,
        "RMSE": 2.0177338041842,
        "R2": 0.5043879711845867,
        "Morans_I": 0.0973662681857843
    },
    "DKNN": {
        "MAE": 1.5243618064925455,
        "RMSE": 2.035519665553065,
        "R2": 0.4956120489859246,
        "Morans_I": 0.09172041335775515
    },
    "DeepKriging": {
        "MAE": 1.810082311082036,
        "RMSE": 3.8205283449786114,
        "R2": -0.7768916667241408,
        "Morans_I": 0.041172536828172096
    },
    "UKS-DGL": {
        "MAE": 1.3752196016449114,
        "RMSE": 1.9115219858052834,
        "R2": 0.5551918936240539,
        "Morans_I": 0.08810361001243389
    }
}