{
    "Ordinary Kriging": {
        "MAE": 0.6283989018754293,
        "RMSE": 0.8157996760688228,
        "R2": 0.2722859852437107,
        "Morans_I": 0.1583943702031901
    },
    "Universal Kriging": {
        "MAE": 0.6063905375423777,
        "RMSE": 0.7857883001041239,
        "R2": 0.32484296366138754,
        "Morans_I": 0.14526915350745676
    },
    "CoKriging": {
        "MAE": 0.6296078874909129,
        "RMSE": 0.8169887805799317,
        "R2": 0.2701630163544043,
        "Morans_I": 0.15973047801510215
    },
    "MLP Network": {
        "MAE": 0.7229609664396254,
        "RMSE": 0.9024498620274881,
        "R2": 0.10948785346397794,
        "Morans_I": 0.13390896453199147
    },
    "DKNN": {
        "MAE": 1.0374477236736024,
        "RMSE": 1.4632134674718975,
        "R2": -1.3410412238329945,
        "Morans_I": 0.1390643415399069
    },
    "DeepKriging": {
        "MAE": 0.6386843433254257,
        "RMSE": 1.2132639143599329,
        "R2": -0.6095491509427384,
        "Morans_I": 0.035994600573158925
    },
    "UKS-DGL": {
        "MAE": 0.6935895151510719,
        "RMSE": 0.8773863190081366,
        "R2": 0.3432518788869441,
        "Morans_I": 0.133607971667507
    }
}